codigo,Tipo,idFHIR,idAgenda
Eco00,Ecografia,1600,Eco00
Eco01,Ecografia,1601,Eco01
Eco02,Ecografia,1602,Eco02
Eco03,Ecografia,1603,Eco03
Eco04,Ecografia,1604,Eco04
MAM05,MAMOGRAFIA,1605,MAM05
MAM06,MAMOGRAFIA,1606,MAM06
MAM07,MAMOGRAFIA,1607,MAM07
RAD08,RADIOLOGIA,1608,RAD08
RAD09,RADIOLOGIA,1609,RAD09
RAD10,RADIOLOGIA,1610,RAD10
RAD11,RADIOLOGIA,1611,RAD11
RAD12,RADIOLOGIA,1612,RAD12
RAD13,RADIOLOGIA,1613,RAD13
RAD14,RADIOLOGIA,1614,RAD14
RES15,RESONANCIA,1615,RES15
RES16,RESONANCIA,1616,RES16
RES17,RESONANCIA,1617,RES17
RES18,RESONANCIA,1618,RES18
TOM19,TOMOGRAFIA,1619,TOM19
TOM20,TOMOGRAFIA,1620,TOM20
TOM21,TOMOGRAFIA,1621,TOM21
TOM22,TOMOGRAFIA,1622,TOM22
TOM23,TOMOGRAFIA,1623,TOM23
TOM24,TOMOGRAFIA,1624,TOM24
