Description,Code,MinisterialCode,Modalidad,Parte del cuerpo
"RADIOGRAFIA DEL CRANEO, CARA, SENOS PARANASALES O CAVUM: PRIMERA EXPOSICION O FRENTE",700,700,RX,CABEZA Y CUELLO
"RADIOGRAFIA DEL CRANEO, CARA, SENOS PARANASALES O CAVUM: EXPOSICION SUBSIGUIENTE O PERFIL U OBLICUA",701,701,RX,CABEZA Y CUELLO
"RADIOGRAFIA DE HUESO TEMPORAL O AGUJEROS OPTICOS, COMPARATIVOS (POR INCIDENCIA Y POR PAR)",702,702,RX,CABEZA Y CUELLO
RADIOGRAFIA DE ARTICULACION TEMPOROMANDIBULAR (TRES POSICIONES COMPARATIVAS),703,703,RX,CABEZA Y CUELLO
ORTOPANTOMOGRAFIA (RADIOGRAFIA PANORAMICA DE CRANEO CARA): PRIMERA EXPOSICION,704,704,RX,CABEZA Y CUELLO
ORTOPANTOMOGRAFIA: POR EXPOSICION SUBSIGUIENTE (COMPLEMENTO DEL CODIGO 340205),705,705,RX,CABEZA Y CUELLO
TELERRADIOGRAFIA DE CRANEO Y/O PERFIL FACIAL CON CEFALOSTATO: PRIMERA EXPOSICION,706,706,RX,CABEZA Y CUELLO
TELERADIOGRAFIA DE CRANEO Y/O PERFIL FACIAL: POR EXPOSICION SUBSIGUIENTE (COMPLEMENTO AL CODIGO 340207),707,707,RX,CABEZA Y CUELLO
RADIOGRAFIA DE COLUMNA CERVICAL: PRIMERA EXPOSICION ,708,708,RX,COLUMNA VERTEBRAL
RADIOGRAFIA DE COLUMNA DORSAL: PRIMERA EXPOSICION ,709,709,RX,COLUMNA VERTEBRAL
RADIOGRAFIA DE COLUMNA LUMBOSACRA: PRIMERA EXPOSICION ,710,710,RX,COLUMNA VERTEBRAL
RADIOGRAFIA DE COLUMNA CERVICAL: POR EXPOSICION SUBSIGUIENTE,711,711,RX,COLUMNA VERTEBRAL
RADIOGRAFIA DE COLUMNA DORSAL: POR EXPOSICION SUBSIGUIENTE,712,712,RX,COLUMNA VERTEBRAL
RADIOGRAFIA DE COLUMNA LUMBOSACRA: POR EXPOSICION SUBSIGUIENTE,713,713,RX,COLUMNA VERTEBRAL
RADIOGRAFIA DE HOMBRO: PRIMERA EXPOSICION O FRENTE,714,714,RX,TORAX
RADIOGRAFIA DE HUMERO: PRIMERA EXPOSICION O FRENTE,715,715,RX,EXTREMIDADES SUPERIORES
RADIOGRAFIA DE PELVIS: PRIMERA EXPOSICION O FRENTE,716,716,RX,ABDOMEN Y PELVIS
RADIOGRAFIA DE CADERA: PRIMERA EXPOSICION O FRENTE,717,717,RX,ABDOMEN Y PELVIS
RADIOGRAFIA DE FEMUR: PRIMERA EXPOSICION O FRENTE,718,718,RX,EXTREMIDADES INFERIORES
RADIOGRAFIA DE HOMBRO: EXPOSICION SUBSIGUIENTE O PERFIL U OBLICUA,719,719,RX,TORAX
RADIOGRAFIA DE  HUMERO: EXPOSICION SUBSIGUIENTE O PERFIL U OBLICUA,720,720,RX,EXTREMIDADES SUPERIORES
RADIOGRAFIA DE PELVIS: EXPOSICION SUBSIGUIENTE O PERFIL U OBLICUA,721,721,RX,ABDOMEN Y PELVIS
RADIOGRAFIA DE CADERA : EXPOSICION SUBSIGUIENTE O PERFIL U OBLICUA,722,722,RX,ABDOMEN Y PELVIS
RADIOGRAFIA DE  FEMUR: EXPOSICION SUBSIGUIENTE O PERFIL U OBLICUA,723,723,RX,EXTREMIDADES INFERIORES
RADIOGRAFIA DE CODO UNI O BILATERALES ,724,724,RX,EXTREMIDADES SUPERIORES
RADIOGRAFIA DE ANTEBRAZO UNI O BILATERALES ,725,725,RX,EXTREMIDADES SUPERIORES
RADIOGRAFIA DE MUÑECA UNI O BILATERALES ,726,726,RX,EXTREMIDADES SUPERIORES
RADIOGRAFIA DE MANO UNI O BILATERALES ,727,727,RX,EXTREMIDADES SUPERIORES
RADIOGRAFIA DE DEDOS UNI O BILATERALES ,728,728,RX,EXTREMIDADES SUPERIORES
RADIOGRAFIA DE RODILLA UNI O BILATERALES ,729,729,RX,EXTREMIDADES INFERIORES
RADIOGRAFIA DE PIERNA UNI O BILATERALES ,730,730,RX,EXTREMIDADES INFERIORES
RADIOGRAFIA DE TOBILLO  UNI O BILATERALES ,731,731,RX,EXTREMIDADES INFERIORES
RADIOGRAFIA DE  PIE UNI O BILATERALES ,732,732,RX,EXTREMIDADES INFERIORES
MEDICION COMPARATIVA DE MIEMBROS INFERIORES (ORTORRADIOGRAFIA) POR ESTUDIO,733,733,RX,EXTREMIDADES INFERIORES
ESPINOGRAMA ,734,734,RX,COLUMNA VERTEBRAL
RADIOGRAFIA DE TORAX (PRIMERA EXPOSICION O FRENTE),735,735,RX,TORAX
"RADIOGRAFIA DE TORAX (EXPOSICION SUBSIGUIENTE, PERFIL U OBLICUA)",736,736,RX,TORAX
RADIOGRAFIA SIMPLE DE ABDOMEN (PRIMERA EXPOSICION O FRENTE),737,737,RX,ABDOMEN
"RADIOGRAFIA SIMPLE DE ABDOMEN (EXPOSICION SUBSIGUIENTE, PERFIL U OBLICUA)",738,738,RX,ABDOMEN
RADIOGRAFIA SIMPLE DE ARBOL URINARIO,739,739,RX,ABDOMEN Y PELVIS
PELVIMETRIA RADIOLOGICA,740,740,RX,ABDOMEN Y PELVIS
RADIOGRAFIA PANORAMICA DE CADERA,741,741,RX,ABDOMEN Y PELVIS
RADIOSCOPIA SIMPLE (COMO UNICO ESTUDIO ),742,742,RX,OTROS
RADIOSCOPIA CON INTENSIFICADOR DE IMAGENES Y/O CIRCUITO CERRADO DE TELEVISION ,743,743,RX,OTROS
"SIALOGRAFIA, POR GLANDULA Y POR LADO",744,744,RX,CABEZA Y CUELLO
SERIADA DE ESOFAGO,745,745,RX,TORAX
SERIADA GASTRODUODENAL,746,746,RX,TORAX
SERIADA GASTRODUODENAL CON TECNICA DE DOBLE CONTRASTE,747,747,RX,TORAX
SERIADA ESOFAGOGASTRODUODENAL,748,748,RX,TORAX
ESTUDIO DUDODENAL CON SOLUCION HIPOTONICA (INCLUYE SONDA),749,749,RX,TORAX
TRANSITO DE INTESTINO DELGADO O DE COLON,750,750,RX,ABDOMEN Y PELVIS
SERIADA ILEOCECOAPENDICULAR,751,751,RX,ABDOMEN Y PELVIS
COLON POR ENEMA Y EVACUADO (HASTA CINCO PLACAS),752,752,RX,ABDOMEN Y PELVIS
COLON POR ENEMA Y EVACUADO (MAS DE CINCO PLACAS),753,753,RX,ABDOMEN Y PELVIS
COLON POR ENEMA DOBLE CONTRASTE (TECNICA DE FISHER),754,754,RX,ABDOMEN Y PELVIS
"COLON POR ENEMA, EVACUADO Y DOBLE CONTRASTE (TECNICA DE MALMO)",755,755,RX,ABDOMEN Y PELVIS
"FISTULOCOLANGIOGRAFIA, COLANGIOGRAFIA POSTOPERATORIA O TRANSKHER",756,756,RX,ABDOMEN Y PELVIS
COLANGIOGRAFIA OPERATORIA (PRIMERA PLACA),757,757,RX,TORAX
"COLANGIOGRAFIA OPERATORIA, POR CADA PLACA SUBSIGUIENTE",758,758,RX,TORAX
VIDEODEGLUCION,759,759,RX,TORAX
DEFECOGRAFIA,760,760,RX,ABDOMEN Y PELVIS
UROGRAMA EXCRETOR PIELOGRAFIA DESCENDENTE,761,761,RX,ABDOMEN Y PELVIS
"UROGRAMA EXCRETOR CON ESTUDIO VESICAL, PRE Y POSTMICCIONAL",762,762,RX,ABDOMEN Y PELVIS
"UROGRAMA EXCRETOR MINUTADO O POR GOTEO, PIELOGRAFIA POR PERFUSION",763,763,RX,ABDOMEN Y PELVIS
PIELOGRAFIA ASCENDENTE: PRIMERA EXPOSICION,764,764,RX,ABDOMEN Y PELVIS
PIELOGRAFIA: POR EXPOSICION SUBSIGUIENTE (COMPLEMENTO AL CODIGO 340510),765,765,RX,ABDOMEN Y PELVIS
CISTOURETROGRAFIA MICCIONAL. CISTOURETROGRAFIA ASCENDENTE,766,766,RX,ABDOMEN Y PELVIS
CISTOURETROGRAFIA POR ESTUDIO DE INCONTINENCIA. CISTOURETROGRAFIA PARA DETECTAR REFLUJO ,767,767,RX,ABDOMEN Y PELVIS
URETROGRAFIA RETROGRADA,768,768,RX,ABDOMEN Y PELVIS
HISTEROSALPINGOGRAFIA CON PRUEBA DE COTTE,769,769,RX,ABDOMEN Y PELVIS
LINFOGRAFIA (POR EXPOSICION),770,770,RX,CUERPO ENTERO
"FISTULOGRAFIA, ESTUDIO COMPLETO - EXCLUYE PACIENTES QUE SE ENCUENTRAN EN PLAN DE HEMODIALISIS CRONICA -",771,771,RX,TORAX
MAMOGRAFIA CON MAGNIFICACION O COMPRESION MAMOGRAFICA Y/O FOCALIZADA ,772,772,RX,TORAX
MAMOGRAFIA BILATERAL CON PROYECCION AXILAR,773,773,RX,TORAX
GALACTOGRAFIA (CON O SIN MAMOGRAFO) UNILATERAL,774,774,RX,TORAX
MAMOGRAFIA BILATERAL CON TECNICA DE EKLUND (IMPLANTES MAMARIOS),775,775,RX,TORAX
PUNCION BIOPSIA DE MAMA BAJO CONTROL ESTEREOTAXICO DIGITAL ASISTIDA CON VACIO (MAMMOTOME O SUROS),776,776,RX,TORAX
MARCACION MAMARIA PRE QUIRURGICA,777,777,RX,TORAX
ECOGRAFIA GINECOLOGICA / TOCOGINECOLOGICA TRANSABDOMINAL,778,778,ECO,ABDOMEN Y PELVIS
ECOGRAFIA MAMARIA BILATERAL,779,779,ECO,TORAX
ECOGRAFIA TIROIDEA.,780,780,ECO,CABEZA Y CUELLO
ECOGRAFIA DE TESTICULOS.,781,781,ECO,ABDOMEN Y PELVIS
ECOGRAFIA COMPLETA DE ABDOMEN (INCLUYE ECOGRAFIA HEPATICA / BILIAR / PANCRETICA / ESPLENICA / RENAL/ SUPRARRENALES),782,782,ECO,ABDOMEN Y PELVIS
ECOGRAFIA TORACICA /PLEURAL /PULMONAR,783,783,ECO,TORAX
ECOGRAFIA DE VEJIGA/PROSTATA Y/O VESICOPROSTATICA,784,784,ECO,ABDOMEN Y PELVIS
ECOGRAFIA RENAL BILATERAL.,785,785,ECO,ABDOMEN Y PELVIS
ECOGRAFIA DE AORTA ABDOMINAL (2D SIN DOPPLER),786,786,ECO,ABDOMEN Y PELVIS
ECOGRAFIA PANCREATICA O SUPRARRENAL.,787,787,ECO,ABDOMEN Y PELVIS
ECOGRAFIA CEREBRAL TRANSCRANEAL.,788,788,ECO,CABEZA Y CUELLO
ECOGRAFIA VESICAL CON MEDICION DE RESIDUO POST MICCIONAL,789,789,ECO,ABDOMEN Y PELVIS
ECOGRAFIA FETAL / OBSTETRICA,790,790,ECO,ABDOMEN Y PELVIS
ECOGRAFIA CEREBRAL TRANSFONTANELAR O TRANSCRANEAL,791,791,ECO,CABEZA Y CUELLO
ECOGRAFIA DE LA CADERA DEL RECIEN NACIDO,792,792,ECO,ABDOMEN Y PELVIS
ECOGRAFIA DE OTROS ORGANOS Y REGIONES ,793,793,ECO,OTROS
ECOGRAFIA DE CUELLO O CERVICAL,794,794,ECO,CABEZA Y CUELLO
ECOGRAFIA OCULAR,795,795,ECO,CABEZA Y CUELLO
ECOGRAFIA  DE GENITALES ,796,796,ECO,ABDOMEN Y PELVIS
ECOGRAFIA DE PILORO,797,797,ECO,ABDOMEN
"ECOGRAFIA DE GLANDULAS SUBMAXILARES, PAROTIDAS ",798,798,ECO,CABEZA Y CUELLO
ECOGRAFIA DE AREAS GANGLIONARES,799,799,ECO,CUERPO ENTERO
ECOGRAFIA GINECOLOGICA / TOCOGINECOLOGICA TRANSVAGINAL,800,800,ECO,ABDOMEN Y PELVIS
ECOGRAFIA ENDOCAVITARIA TRANSRECTAL,801,801,ECO,CABEZA Y CUELLO
"ECOGRAFIA DE PARTES BLANDAS / MUSCULOESQUELETICA (INCLUYE PARTES BLANDAS DE MIEMBROS, ARTICULACIONES, TENDONES Y MUSCULOS)",802,802,ECO,CUERPO ENTERO
ECOGRAFIA ENDOCAVITARIA ESOFAGICA GASTRICA,803,803,ECO,TORAX
PUNCION BIOPSIA LIQUIDO AMNIOTICO (AMNIOCENTESIS) -INCLUYE GUIA ECOGRAFICA Y AGUJA,804,804,ECO,ABDOMEN Y PELVIS
PUNCION BIOPSIA MAMARIA BAJO ECO CON AGUJA GRUESA TRUCUT GUIADA POR ECOGRAFIA,805,805,ECO,TORAX
PUNCION BIOPSIA TIROIDEA -INCLUYE GUIA ECOGRAFICA Y AGUJA,806,806,ECO,CABEZA Y CUELLO
PUNCION BIOPSIA DE PROSTATA -INCLUYE GUIA ECOGRAFICA Y AGUJA (HASTA 12 PUNCIONES),807,807,ECO,ABDOMEN Y PELVIS
DRENAJES Y/O PROCEDIMIENTOS SIMILARES BAJO ECO,808,808,ECO,OTROS
PUNCION DEL SISTEMA LINFATICO (GANGLIO DE CUALQUIER REGION)- INCLUYE GUIA ECOGRAFICA Y AGUJA,809,809,ECO,OTROS
PUNCION BIOPSIA MAMARIA CON AGUJA FINA GUIADA POR ECOGRAFIA,810,810,ECO,TORAX
PUNCION BIOPSIA ABDOMINOPELVIANA -INCLUYE GUIA ECOGRAFICA Y AGUJA,811,811,ECO,ABDOMEN Y PELVIS
PUNCION BIOPSIA TRANSVAGINAL O  RECTAL BAJO ECO -INCLUYE GUIA ECOGRAFICA Y AGUJA,812,812,ECO,ABDOMEN Y PELVIS
PUNCION BIOPSIA HEPATICA BAJO ECO -INCLUYE GUIA ECOGRAFICA Y AGUJA,813,813,ECO,ABDOMEN
PUNCION BIOPSIA Y/O ASPIRATIVA OTROS ORGANOS -INCLUYE GUIA ECOGRAFICA Y AGUJA,814,814,ECO,ABDOMEN
PUNCION BIOPSIA DE PLEURA O PULMON / TORACOCENTESIS -INCLUYE GUIA ECOGRAFICA Y AGUJA,815,815,ECO,TORAX
PUNCION BIOPSIA RENAL -INCLUYE GUIA ECOGRAFICA Y AGUJA,816,816,ECO,ABDOMEN Y PELVIS
ECOCARDIOGRAMA (2D),817,817,ECO,ABDOMEN Y PELVIS
ECODOPPLER CARDIACO - ECOCARDIOGRAMA DOPPLER,818,818,ECO,TORAX
ECODOPPLER TRANSESOFAGICO,819,819,ECO,TORAX
ECODOPPLER CARDIACO FETAL,820,820,ECO,ABDOMEN
ECOCARDIOGRAMA DE STRESS (ECO STRESS FISICO Y / O FARMACOLOGICO),821,821,ECO,TORAX
ECODOPPLER TRANSCRANEAL,822,822,ECO,CABEZA Y CUELLO
ECODOPPLER DE TIROIDES,823,823,ECO,CABEZA Y CUELLO
ECODOPPLER DE VASOS DEL CUELLO ARTERIAL O VENOSO,824,824,ECO,CABEZA Y CUELLO
ECODOPPLER DE ARTERIAS SUBCLAVIAS,825,825,ECO,CABEZA Y CUELLO
ECODOPPLER DE AORTA TORACICA,826,826,ECO,TORAX
ECODOPPLER DE AORTA ABDOMINAL Y SUS RAMAS,827,827,ECO,ABDOMEN
ECODOPPLER AORTOILIACO,828,828,ECO,CUERPO ENTERO
ECODOPPLER CIRCULACION PORTAL-SUPRAHEPATICO-CAVA,829,829,ECO,OTROS
ECODOPPLER ESPLENICO-CAVA,830,830,ECO,OTROS
ECODOPPLER RENAL,831,831,ECO,ABDOMEN
ECODOPPLER GINECOLOGICO TRANSVAGINAL ,832,832,ECO,ABDOMEN Y PELVIS
ECODOPPLER OBSTETRICO - PLACENTARIO,833,833,ECO,ABDOMEN Y PELVIS
ECODOPPLER TESTICULAR,834,834,ECO,ABDOMEN Y PELVIS
ECODOPPLER DE OVARIOS,835,835,ECO,ABDOMEN Y PELVIS
ECODOPPLER MAMARIO - UNI O BILATERAL -,836,836,ECO,TORAX
ECO DOPPLER DE PENE CON INYECCION DE PAPAVERINA U OTROS VASODILATADORES,837,837,ECO,ABDOMEN Y PELVIS
ECODOPPLER ARTERIAL DE MIEMBROS INFERIORES -UNI O BILATERAL-,838,838,ECO,EXTREMIDADES INFERIORES
ECODOPPLER ARTERIAL DE MIEMBROS SUPERIORES -UNI O BILATERAL-,839,839,ECO,EXTREMIDADES SUPERIORES
ECODOPPLER VENOSO DE MIEMBROS INFERIORES -UNI O BILATERAL-,840,840,ECO,EXTREMIDADES INFERIORES
ECODOPPLER VENOSO DE MIEMBROS SUPERIORES -UNI O BILATERAL-,841,841,ECO,EXTREMIDADES SUPERIORES
ECODOPPLER ARTERIO-VENOSO DE MIEMBROS INFERIORES -UNI O BILATERAL-,842,842,ECO,EXTREMIDADES INFERIORES
ECODOPPLER ARTERIO-VENOSO DE MIEMBROS SUPERIORES/FISTULA -UNI O BILATERAL-,843,843,ECO,EXTREMIDADES SUPERIORES
ECODOPPLER  ARTERIAL Y/O VENOSO DE OTRAS REGIONES Y PARTES BLANDAS ,844,844,ECO,OTROS
RESONANCIA MAGNETICA NUCLEAR CEREBRAL,845,845,RMN,CABEZA Y CUELLO
RESONANCIA MAGNETICA NUCLEAR CEREBRAL CON CONTRASTE,846,846,RMN,CABEZA Y CUELLO
RESONANCIA MAGNETICA NUCLEAR TIROIDEA,847,847,RMN,CABEZA Y CUELLO
RESONANCIA MAGNETICA NUCLEAR COMPLETA DE ABDOMEN,848,848,RMN,ABDOMEN
RESONANCIA MAGNETICA NUCLEAR  TORACICA,849,849,RMN,TORAX
RESONANCIA MAGNETICA NUCLEAR VEJIGA Y PROSTATA,850,850,RMN,ABDOMEN Y PELVIS
RESONANCIA MAGNETICA NUCLEAR DE OTRAS REGIONES ENCEFALICAS ,851,851,RMN,CABEZA Y CUELLO
RESONANCIA MAGNETICA NUCLEAR DE  ANGULO PONTOCEREBELOSO ,852,852,RMN,CABEZA Y CUELLO
RESONANCIA MAGNETICA NUCLEAR DE MACIZO CRANEOFACIAL,853,853,RMN,CABEZA Y CUELLO
RESONANCIA MAGNETICA NUCLEAR DE HIPOFISIS ,854,854,RMN,CABEZA Y CUELLO
RESONANCIA MAGNETICA NUCLEAR DE OTRAS REGIONES ENCEFALICAS CON CONTRASTE,855,855,RMN,CABEZA Y CUELLO
RESONANCIA MAGNETICA NUCLEAR DE  ANGULO PONTOCEREBELOSO CON CONTRASTE,856,856,RMN,CABEZA Y CUELLO
RESONANCIA MAGNETICA NUCLEAR DE MACIZO CRANEOFACIAL CON CONTRASTE,857,857,RMN,CABEZA Y CUELLO
RESONANCIA MAGNETICA NUCLEAR DE HIPOFISIS CON CONTRASTE,858,858,RMN,CABEZA Y CUELLO
RESONANCIA MAGNETICA NUCLEAR DE ARTICULACIONES SACROILIACAS,859,859,RMN,EXTREMIDADES INFERIORES
RESONANCIA MAGNETICA NUCLEAR DE ARTICULACION TEMPOROMANDIBULAR ,860,860,RMN,CABEZA Y CUELLO
RESONANCIA MAGNETICA DE CODO ,861,861,RMN,EXTREMIDADES SUPERIORES
RESONANCIA MAGNETICA DE MUÑECA,862,862,RMN,EXTREMIDADES SUPERIORES
RESONANCIA MAGNETICA DE TOBILLO,863,863,RMN,EXTREMIDADES INFERIORES
RESONANCIA MAGNETICA NUCLEAR MAMARIA,864,864,RMN,TORAX
RESONANCIA MAGNETICA NUCLEAR DE CADERA,865,865,RMN,ABDOMEN Y PELVIS
RESONANCIA MAGNETICA NUCLEAR DE CUELLO,866,866,RMN,CABEZA Y CUELLO
RESONANCIA MAGNETICA NUCLEAR  DE ORBITAS / OFTALMOLOGICA,867,867,RMN,CABEZA Y CUELLO
RESONANCIA MAGNETICA NUCLEAR DE OTROS ORGANOS Y/O REGIONES ,868,868,RMN,OTROS
RESONANCIA MAGNETICA NUCLEAR DE PLEXO BRAQUIAL ,869,869,RMN,EXTREMIDADES SUPERIORES
RESONANCIA MAGNETICA NUCLEAR DE HUESOS LARGOS ,870,870,RMN,OTROS
RESONANCIA MAGNETICA NUCLEAR COMPLETA DE ABDOMEN CON CONTRASTE,871,871,RMN,ABDOMEN
RESONANCIA MAGNETICA NUCLEAR TORACICA CON CONTRASTE,872,872,RMN,TORAX
RESONANCIA MAGNETICA NUCLEAR DE COLUMNA CERVICAL CON CONTRASTE,873,873,RMN,COLUMNA VERTEBRAL
RESONANCIA MAGNETICA NUCLEAR DE COLUMNA DORSAL CON CONTRASTE,874,874,RMN,COLUMNA VERTEBRAL
RESONANCIA MAGNETICA NUCLEAR DE COLUMNA LUMBO SACRO COXIGEA CON CONTRASTE,875,875,RMN,COLUMNA VERTEBRAL
RESONANCIA MAGNETICA NUCLEAR DE COLUMNA CERVICAL,876,876,RMN,COLUMNA VERTEBRAL
RESONANCIA MAGNETICA NUCLEAR DE COLUMNA DORSAL,877,877,RMN,COLUMNA VERTEBRAL
RESONANCIA MAGNETICA NUCLEAR DE COLUMNA LUMBO SACRO COXIGEA,878,878,RMN,COLUMNA VERTEBRAL
RESONANCIA MAGNETICA NUCLEAR DE COLUMNA CERVICO DORSAL,879,879,RMN,COLUMNA VERTEBRAL
RESONANCIA MAGNETICA NUCLEAR DE COLUMNA DORSO LUMBO SACRO COXIGEA,880,880,RMN,COLUMNA VERTEBRAL
RESONANCIA MAGNETICA NUCLEAR DE COLUMNA TOTAL,881,881,RMN,COLUMNA VERTEBRAL
RESONANCIA MAGNETICA NUCLEAR DE CADERA  CON CONTRASTE,882,882,RMN,ABDOMEN Y PELVIS
RESONANCIA MAGNETICA NUCLEAR DE RODILLA -UNILATERAL-,883,883,RMN,EXTREMIDADES INFERIORES
RESONANCIA MAGNETICA NUCLEAR DE OTROS ORGANOS Y/O REGIONES CON CONTRASTE,884,884,RMN,OTROS
RESONANCIA MAGNETICA NUCLEAR DE PLEXO BRAQUIAL CON CONTRASTE,885,885,RMN,EXTREMIDADES SUPERIORES
RESONANCIA MAGNETICA NUCLEAR DE HUESOS LARGOS CON CONTRASTE,886,886,RMN,OTROS
RESONANCIA MAGNETICA NUCLEAR DE COLUMNA DORSO LUMBO SACRO COXIGEA CON CONTRASTE,887,887,RMN,COLUMNA VERTEBRAL
RESONANCIA MAGNETICA NUCLEAR DE CUELLO CON CONTRASTE,888,888,RMN,CABEZA Y CUELLO
RESONANCIA MAGNETICA NUCLEAR  DE ORBITAS / OFTALMOLOGICA CON CONTRASTE,889,889,RMN,CABEZA Y CUELLO
RESONANCIA MAGNETICA NUCLEAR DE RODILLA  CON CONTRASTE -UNILATERAL-,890,890,RMN,EXTREMIDADES INFERIORES
RESONANCIA MAGNETICA NUCLEAR DE PIE -UNILATERAL-,891,891,RMN,EXTREMIDADES INFERIORES
RESONANCIA MAGNETICA NUCLEAR DE HOMBRO -UNILATERAL-,892,892,RMN,TORAX
RESONANCIA MAGNETICA NUCLEAR DE PELVIS,893,893,RMN,ABDOMEN Y PELVIS
RESONANCIA MAGNETICA NUCLEAR DE PIE CON CONTRASTE -UNILATERAL-,894,894,RMN,EXTREMIDADES INFERIORES
RESONANCIA MAGNETICA NUCLEAR DE MANO CON CONTRASTE -UNILATERAL-,895,895,RMN,EXTREMIDADES SUPERIORES
RESONANCIA MAGNETICA NUCLEAR DE HOMBRO  CON CONTRASTE -UNILATERAL-,896,896,RMN,TORAX
RESONANCIA MAGNETICA NUCLEAR DE PELVIS CON CONTRASTE,897,897,RMN,ABDOMEN Y PELVIS
RESONANCIA MAGNETICA NUCLEAR DE ARTICULACIONES SACROILIACAS CON CONTRASTE,898,898,RMN,EXTREMIDADES INFERIORES
RESONANCIA MAGNETICA NUCLEAR DE ARTICULACION TEMPOROMANDIBULAR CON CONTRASTE,899,899,RMN,CABEZA Y CUELLO
RESONANCIA MAGNETICA DE CODO CON CONTRASTE,900,900,RMN,EXTREMIDADES SUPERIORES
RESONANCIA MAGNETICA DE MUÑECA CON CONTRASTE,901,901,RMN,EXTREMIDADES SUPERIORES
RESONANCIA MAGNETICA DE TOBILLO CON CONTRASTE,902,902,RMN,EXTREMIDADES INFERIORES
RESONANCIA MAGNETICA NUCLEAR DE COLUMNA CERVICO DORSAL CON CONTRASTE,903,903,RMN,COLUMNA VERTEBRAL
RESONANCIA MAGNETICA NUCLEAR DE COLUMNA TOTAL CON CONTRASTE,904,904,RMN,COLUMNA VERTEBRAL
RESONANCIA MAGNETICA NUCLEAR MAMARIA CON CONTRASTE,905,905,RMN,TORAX
RESONANCIA MAGNETICA NUCLEAR CARDIACA CON CONTRASTE,906,906,RMN,TORAX
ANGIORESONANCIA CARDIACA (INCLUYE SCORE DE CALCIO),907,907,RMN,TORAX
ANGIORESONANCIA ARTERIAL INTRACRANEAL,908,908,RMN,CABEZA Y CUELLO
ANGIORESONANCIA ARTERIAL DE VASOS DEL CUELLO,909,909,RMN,CABEZA Y CUELLO
ANGIORESONANCIA VENOSA INTRACRANEAL,910,910,RMN,CABEZA Y CUELLO
ANGIORESONANCIA VENOSA DE VASOS DEL CUELLO,911,911,RMN,CABEZA Y CUELLO
ANGIORESONANCIA DE MIEMBROS SUPERIORES UNI O BILATERAL,912,912,RMN,EXTREMIDADES SUPERIORES
ANGIORESONANCIA DE MIEMBROS INFERIORES UNI O BILATERAL,913,913,RMN,EXTREMIDADES INFERIORES
ANGIORESONANCIA AORTO-ILIACA,914,914,RMN,CUERPO ENTERO
RESONANCIA MAGNETICA NUCLEAR DEL SISTEMA PIELO-URETERAL y VEJIGA (URORESONANCIA),915,915,RMN,ABDOMEN Y PELVIS
ADICIONAL ALTO CAMPO -SUPERIOR A 1.5 TESLA- (ADICIONAR AL CODIGO CORRESPONDIENTE),916,916,RMN,OTROS
RESONANCIA MAGNETICA  NUCLEAR DE ENCEFALO CON DINAMICA DE LIQUIDO CEFALORAQUIDEO,917,917,RMN,CABEZA Y CUELLO
RESONANCIA MAGNETICA  NUCLEAR DE ENCEFALO CON DINAMICA DE LIQUIDO CEFALORAQUIDEO CON CONTRASTE,918,918,RMN,CABEZA Y CUELLO
RESONANCIA MAGNETICA NUCLEAR FUNCIONAL,919,919,RMN,OTROS
RESONANCIA MAGNETICA NUCLEAR CON ESPECTROSCOPIA,920,920,RMN,OTROS
RESONANCIA MAGNETICA NUCLEAR CON ESPECTROSCOPIA CON CONTRASTE,921,921,RMN,OTROS
RESONANCIA MAGNETICA NUCLEAR POR TRACTOGRAFIA ENCEFALICA,922,922,RMN,CABEZA Y CUELLO
RESONANCIA MAGNETICA NUCLEAR POR DIFUSION MOLECULAR,923,923,RMN,OTROS
COLANGIORESONANCIA,924,924,RMN,ABDOMEN
ANESTESIA EN RESONANCIA MAGNETICA NUCLEAR (ADICIONAR AL CODIGO QUE CORRESPONDA),925,925,RMN,OTROS
TOMOGRAFIA AXIAL COMPUTADA CEREBRAL ,926,926,CT,CABEZA Y CUELLO
TOMOGRAFIA AXIAL COMPUTADA CEREBRAL CON CONTRASTE,927,927,CT,CABEZA Y CUELLO
TOMOGRAFIA AXIAL COMPUTADA OFTALMOLOGICA / ORBITAS,928,928,CT,CABEZA Y CUELLO
TOMOGRAFIA AXIAL COMPUTADA TIROIDEA ,929,929,CT,CABEZA Y CUELLO
TOMOGRAFIA AXIAL COMPUTADA MAMARIA ,930,930,CT,TORAX
TOMOGRAFIA AXIAL COMPUTADA GINECOLOGICA ,931,931,CT,ABDOMEN Y PELVIS
TOMOGRAFIA AXIAL COMPUTADA DE ABDOMEN ,932,932,CT,ABDOMEN
TOMOGRAFIA AXIAL COMPUTADA TORACICA ,933,933,CT,TORAX
TOMOGRAFIA AXIAL COMPUTADA VEJIGA Y PROSTATA ,934,934,CT,ABDOMEN Y PELVIS
TOMOGRAFIA AXIAL COMPUTADA OTROS ORGANOS Y REGIONES ,935,935,CT,CUERPO ENTERO
TOMOGRAFIA AXIAL DE CUELLO,936,936,CT,CABEZA Y CUELLO
TOMOGRAFIA AXIAL DE HUESOS LARGOS ,937,937,CT,CUERPO ENTERO
TOMOGRAFIA AXIAL DE ARTICULACIONES DE MIEMBROS SUPERIORES,938,938,CT,EXTREMIDADES SUPERIORES
TOMOGRAFIA AXIAL DE ARTICULACIONES DE MIEMBROS INFERIORES,939,939,CT,EXTREMIDADES INFERIORES
TOMOGRAFIA AXIAL COMPUTADA DE COLUMNA TOTAL ,940,940,CT,COLUMNA VERTEBRAL
TOMOGRAFIA AXIAL COMPUTADA DE PELVIS ,941,941,CT,ABDOMEN Y PELVIS
TOMOGRAFIA AXIAL COMPUTADA OTROS ORGANOS Y REGIONES CON CONTRASTE ,942,942,CT,OTROS
TOMOGRAFIA AXIAL COMPUTADA DE ABDOMEN CON CONTRASTE,943,943,CT,ABDOMEN
TOMOGRAFIA AXIAL COMPUTADA TORACICA CON CONTRASTE,944,944,CT,TORAX
ANGIOTOMOGRAFIA CEREBRAL,945,945,CT,CABEZA Y CUELLO
ANGIOTOMOGRAFIA TORACICA,946,946,CT,TORAX
ANGIOTOMOGRAFIA ABDOMINAL ,947,947,CT,ABDOMEN
ANGIOTOMOGRAFIA PELVIANA O VASOS ILIACOS,948,948,CT,ABDOMEN Y PELVIS
ANGIOTOMOGRAFIA ARTERIAL DE VASOS DE CUELLO,949,949,CT,CABEZA Y CUELLO
ANGIOTOMOGRAFIA VENOSA DE OTROS ORGANOS Y REGIONES,950,950,CT,OTROS
ANGIOTOMOGRAFIA DE MIEMBROS SUPERIORES ARTERIAL O VENOSA  ,951,951,CT,EXTREMIDADES SUPERIORES
ANGIOTOMOGRAFIA DE MIEMBROS INFERIORES ARTERIAL O VENOSA  ,952,952,CT,EXTREMIDADES INFERIORES
TOMOGRAFIA AXIAL COMPUTADA VEJIGA Y PROSTATA CON CONTRASTE ,953,953,CT,ABDOMEN Y PELVIS
TOMOGRAFIA AXIAL COMPUTADA DE COLUMNA TOTAL CON CONTRASTE ,954,954,CT,COLUMNA VERTEBRAL
TOMOGRAFIA AXIAL COMPUTADA DE PELVIS CON CONTRASTE ,955,955,CT,ABDOMEN Y PELVIS
TOMOGRAFIA AXIAL COMPUTADA DE MACIZO MAXILOFACIAL O SENOS PARANASALES,956,956,CT,CABEZA Y CUELLO
TOMOGRAFIA AXIAL COMPUTADA DE OIDOS,957,957,CT,CABEZA Y CUELLO
TOMOGRAFIA AXIAL COMPUTADA DE MACIZO MAXILOFACIAL O SENOS PARANASALES CON CONTRASTE,958,958,CT,CABEZA Y CUELLO
TOMOGRAFIA AXIAL COMPUTADA DE OIDOS CON CONTRASTE,959,959,CT,CABEZA Y CUELLO
TOMOGRAFIA AXIAL COMPUTADA PARA UROLITIASIS (PIELOTAC),960,960,CT,ABDOMEN Y PELVIS
TOMOGRAFIA AXIAL COMPUTADA DE COLUMNA CERVICAL,961,961,CT,COLUMNA VERTEBRAL
TOMOGRAFIA AXIAL COMPUTADA DE COLUMNA CERVICAL CON CONTRASTE ,962,962,CT,COLUMNA VERTEBRAL
TOMOGRAFIA AXIAL COMPUTADA DE COLUMNA CERVICODORSAL,963,963,CT,COLUMNA VERTEBRAL
TOMOGRAFIA AXIAL COMPUTADA DE COLUMNA CERVICODORSAL CON CONTRASTE ,964,964,CT,COLUMNA VERTEBRAL
TOMOGRAFIA AXIAL COMPUTADA DE COLUMNA DORSAL,965,965,CT,COLUMNA VERTEBRAL
TOMOGRAFIA AXIAL COMPUTADA DE COLUMNA DORSAL CON CONTRASTE ,966,966,CT,COLUMNA VERTEBRAL
TOMOGRAFIA AXIAL COMPUTADA DE COLUMNA DORSO LUMBO SACRO COXIGEA ,967,967,CT,COLUMNA VERTEBRAL
TOMOGRAFIA AXIAL COMPUTADA DE COLUMNA DORSO LUMBO SACRO COXIGEA CON CONTRASTE,968,968,CT,COLUMNA VERTEBRAL
TOMOGRAFIA AXIAL COMPUTADA DE COLUMNA LUMBO SACRO COXIGEA,969,969,CT,COLUMNA VERTEBRAL
TOMOGRAFIA AXIAL COMPUTADA DE COLUMNA LUMBO SACRO COXIGEA CON CONTRASTE ,970,970,CT,COLUMNA VERTEBRAL
TOMOGRAFIA AXIAL COMPUTADA ABDOMINOPELVIANA ,971,971,CT,ABDOMEN Y PELVIS
TOMOGRAFIA AXIAL COMPUTADA ABDOMINOPELVIANA CON CONTRASTE,972,972,CT,ABDOMEN Y PELVIS
TOMOGRAFIA AXIAL COMPUTADA DE RODILLA -UNILATERAL-,973,973,CT,EXTREMIDADES INFERIORES
TOMOGRAFIA AXIAL COMPUTADA DE RODILLA CON CONTRASTE -UNILATERAL- ,974,974,CT,EXTREMIDADES INFERIORES
TOMOGRAFIA AXIAL COMPUTADA TORACOABDOMINAL,975,975,CT,CUERPO ENTERO
TOMOGRAFIA AXIAL COMPUTADA TORACOABDOMINOPELVIANA ,976,976,CT,CUERPO ENTERO
TOMOGRAFIA AXIAL COMPUTADA TORACOABDOMINAL CON CONTRASTE,977,977,CT,CUERPO ENTERO
TOMOGRAFIA AXIAL COMPUTADA TORACOABDOMINOPELVIANA CON CONTRASTE ,978,978,CT,CUERPO ENTERO
ENTEROCLISIS  BAJO TAC CON CONTRASTE,979,979,CT,ABDOMEN Y PELVIS
TOMOGRAFIA HELICOIDAL DE 64 PISTAS O MAS CON O SIN RECONSTRUCCION 3D DE UNA REGION,980,980,CT,OTROS
TOMOGRAFIA HELICOIDAL DE 64 PISTAS O MAS  CON O SIN RECONSTRUCCION 3D DE MAS DE UNA REGION,981,981,CT,OTROS
TOMOGRAFIA HELICOIDAL DE 64 PISTAS O MAS  CON O SIN RECONSTRUCCION 3D DE UNA REGION CON CONTRASTE,982,982,CT,OTROS
TOMOGRAFIA HELICOIDAL DE 64 PISTAS O MAS  CON O SIN RECONSTRUCCION 3D DE MAS DE UNA REGION CON CONTRASTE,983,983,CT,OTROS
COLONOSCOPIA VIRTUAL,984,984,CT,ABDOMEN Y PELVIS
ANESTESIA EN TOMOGRAFIA AXIAL COMPUTADA (ADICIONAR AL CODIGO QUE CORRESPONDA),985,985,CT,OTROS
PUNCION BIOPSIA DE ABDOMEN BAJO TAC ,986,986,CT,ABDOMEN Y PELVIS
PUNCION BIOPSIA HIGADO BAJO TAC ,987,987,CT,ABDOMEN
PUNCION BIOPSIA RENAL BAJO TAC ,988,988,CT,ABDOMEN Y PELVIS
PUNCION BIOPSIA PANCREATICA BAJO TAC ,989,989,CT,ABDOMEN Y PELVIS
PUNCION BIOPSIA DE PULMON BAJO TAC ,990,990,CT,TORAX
PUNCION BIOPSIA DE PROSTATA BAJO TAC ,991,991,CT,ABDOMEN Y PELVIS
PUNCION BIOPSIA Y/O ASPIRATIVA OTROS ORGANOS BAJO TAC ,992,992,CT,OTROS
PUNCION BIOPSIA OSEA / HUESO BAJO TAC ,993,993,CT,CUERPO ENTERO
DRENAJES Y/O PROCEDIMIENTOS SIMILARES BAJO TAC ,994,994,CT,OTROS
BLOQUEO RADICULAR BAJO TAC ,995,995,CT,COLUMNA VERTEBRAL
DENSITOMETRIA OSEA,996,996,CT,CUERPO ENTERO
DENSITOMETRIA OSEA DOS 0 MAS REGIONES,997,997,CT,CUERPO ENTERO
