Codigo;Descripcion;Modalidad;Parte del cuerpo
ECO01;Eco abdomen con puncion;Ecografia;Abdomen
ECO02;Eco hepática con punción;Ecografia;Abdomen
ECO03;Eco doppler con vasos renales;Ecografia;Abdomen
ECO04;Eco Doppler Mesentérico;Ecografia;Abdomen
ECO05;Eco Biliar;Ecografia;Abdomen
ECO06;Eco complenta de Abdomen;Ecografia;Abdomen
ECO07;Eco de Aorta abdominal;Ecografia;Abdomen
ECO08;Ecografía esplénica;Ecografia;Abdomen
ECO09;Ecografía hepática;Ecografia;Abdomen
ECO10;Ecografía Pancreática;Ecografia;Abdomen
ECO11;Eco renal bilateral;Ecografia;Abdomen
ECO12;Eco suprarrenal;Ecografia;Abdomen
ECO13;Eco Doppler abdominal;Ecografia;Abdomen
ECO14;Eco abdomen y pelvis;Ecografia;Abdomen y pelvis
ECO15;Eco ginecológica con puncion;Ecografia;Abdomen y pelvis
ECO16;Eco morfologica;Ecografia;Abdomen y pelvis
ECO17;Eco translucencia nucal;Ecografia;Abdomen y pelvis
ECO18;Eco transrectal;Ecografia;Abdomen y pelvis
ECO19;Eco obstétrica;Ecografia;Abdomen y pelvis
ECO20;Eco próstata con puncion;Ecografia;Abdomen y pelvis
ECO21;Puncion y vellosidades corionicas;Ecografia;Abdomen y pelvis
ECO22;eco doppler OBSTETRICA;Ecografia;Abdomen y pelvis
ECO23;ECO DOPPLER CTOCOGINECOLOGICA;Ecografia;Abdomen y pelvis
ECO24;ECO DE PROSTATA;Ecografia;Abdomen y pelvis
ECO25;ECOGRAFIA DE VEJIGA;Ecografia;Abdomen y pelvis
ECO26;ECO TOCOGINECOLOGICA;Ecografia;Abdomen y pelvis
ECO27;ECO DE PAROTIDA;Ecografia;CABEZA Y CUELLO
ECO28;ECO TIROIDEA CON PUNCION;Ecografia;CABEZA Y CUELLO
ECO29;ECO DOPPLER DE TIROIDES;Ecografia;CABEZA Y CUELLO
ECO30;ECO DOPPLER DE VASOS DE CUELLO;Ecografia;CABEZA Y CUELLO
ECO31;ECO DOPPLER TRANSCRANEAL;Ecografia;CABEZA Y CUELLO
ECO32;ECO OFTALMOLOGICA BILATERAL;Ecografia;CABEZA Y CUELLO
ECO33;ECO TRANSFONTANELAR;Ecografia;CABEZA Y CUELLO
ECO34;NEUROSONOGRAFIA;Ecografia;CABEZA Y CUELLO
ECO35;ECO TRANSLUCENCIA NUCAL CON DOPPLER;Ecografia;CABEZA Y CUELLO
ECO36;ECO DE FISTULA ARTERIO VENOSO;Ecografia;CUERPO ENTERO
ECO37;ECO DOPPLER ARTERIAL;Ecografia;CUERPO ENTERO
ECO38;IMÁGENES GASTROENTEROLOGIA;Ecografia;CUERPO ENTERO
ECO39;ECODOPPLER DE PARTES BLANDAS;Ecografia;CUERPO ENTERO
ECO40;ECO FALANGES DERECHAS;Ecografia;EXTREMIDADES INFERIORES
ECO41;ECO FALANGES IZQUIERDAS;Ecografia;EXTREMIDADES INFERIORES
ECO42;ECO RODILLA DERECHA;Ecografia;EXTREMIDADES INFERIORES
ECO43;ECO RODILLA IZQUIERDA;Ecografia;EXTREMIDADES INFERIORES
ECO44;ECO TOBILLO DERECHO;Ecografia;EXTREMIDADES INFERIORES
ECO45;ECO TOBILLO IZQUIERDO;Ecografia;EXTREMIDADES INFERIORES
ECO46;ECO DE AQUILES;Ecografia;EXTREMIDADES INFERIORES
ECO47;ECO DOPPLER MIEMBRO INFERIOR DERECHO VENOSO;Ecografia;EXTREMIDADES INFERIORES
ECO48;ECO DOPPLER MIEMBRO INFERIOR IZQUIERDO VENOSO;Ecografia;EXTREMIDADES INFERIORES
ECO49;ECO DOPPLER MIEMBRO INFERIOR DERECHO ARTERIAL;Ecografia;EXTREMIDADES INFERIORES
ECO50;ECO DOPPLER MIEMBRO INFERIOR IZQUIERDO ARTERIAL;Ecografia;EXTREMIDADES INFERIORES
ECO51;ECO DE CODO DERECHO;Ecografia;EXTREMIDADES SUPERIORES
ECO52;ECO DE CODO IZQUIERDO;Ecografia;EXTREMIDADES SUPERIORES
ECO53;ECO FALANGES DERECHAS;Ecografia;EXTREMIDADES SUPERIORES
ECO54;ECO FALANGES IZQUIERDAS;Ecografia;EXTREMIDADES SUPERIORES
ECO55;ECO MUÑECA DERECHA;Ecografia;EXTREMIDADES SUPERIORES
ECO56;ECO MUÑECA IZQUIERDA;Ecografia;EXTREMIDADES SUPERIORES
ECO57;ECO DOPPLER MIEMBRO SUPERIOR DERECHO ARTERIAL;Ecografia;EXTREMIDADES SUPERIORES
ECO58;ECO DOPPLER MIEMBRO SUPERIOR IZQUIERDO ARTERIAL;Ecografia;EXTREMIDADES SUPERIORES
ECO59;ECO DOPPLER MIEMBRO SUPERIOR DERECHO VENOSO;Ecografia;EXTREMIDADES SUPERIORES
ECO60;ECO DOPPLER MIEMBRO SUPERIOR IZQUIERDO VENOSO;Ecografia;EXTREMIDADES SUPERIORES
ECO61;ECO CADERA BILATERAL;Ecografia;PELVIS
ECO62;ECOGRAFIA ENDOANAL 360;Ecografia;PELVIS
ECO63;ECO MONITOREO FOLICULAR OVULATORIO;Ecografia;PELVIS
ECO64;ECOGRAFIA TRANSVAGINAL;Ecografia;PELVIS
ECO65;ECO DOPPLER TESTICULAR;Ecografia;PELVIS
ECO66;ECO DOPPLER TRANSVAGINAL;Ecografia;PELVIS
ECO67;ECO DE TESTICULOS;Ecografia;PELVIS
ECO68;HISTEROSONOGRAFIA;Ecografia;PELVIS
ECO69;ECO DE PENE;Ecografia;PELVIS
ECO70;ECO DOPPLER DE PENE;Ecografia;PELVIS
ECO71;ECO CERVICOMETRÍA TV;Ecografia;PELVIS
ECO72;ECO DOPPLER DE PROSTATA;Ecografia;PELVIS
ECO73;ECO OBSTÉRICA CON VERVICOMTRÍA TV;Ecografia;PELVIS
ECO74;ECO MAMARIA CON PUNCION;Ecografia;TORAX
ECO75;ECO DOPPLER CARDIACA;Ecografia;TORAX
ECO76;ECO DOPPLER MAMARIA;Ecografia;TORAX
ECO77;ECO MAMARIA BILATERAL;Ecografia;TORAX
ECO78;ECOGRAFIA TORACICA;Ecografia;TORAX
ECO79;MARCACION PREQUIRÚRGICA MAMA;Ecografia;TORAX
ECO80;ECOCARDIOGRAMA COMPLETO;Ecografia;TORAX
ECO81;ECODOPPLER CARDIACA FETAL;Ecografia;TORAX Y ABDOMEN
ECO82;ECO DOPPLER CARDIACA TRANSESOFAGICA ;Ecografia;TORAX Y ABDOMEN
ECO83;ECO DOPPLER DE AORTA ABDOMINAL;Ecografia;TORAX Y ABDOMEN
ECO84;ECO DOPPLER VENA CAVA;Ecografia;TORAX Y ABDOMEN
MAM01;MAMOGRAFIA DIGITAL UNILATERAL;MAMOGRAFIA;TORAX
MAM02;MARCACION GANGLIO CENTINELA;MAMOGRAFIA;TORAX
MAM03;MAMOGRAFIA DIGITAL BILATERAL;MAMOGRAFIA;TORAX
MAM04;MAMOGRAFIA BILATERAL DIGIRAL CON TECNICA ECKLUND;MAMOGRAFIA;TORAX
MAM05;MAMOGRAFIA TOMOSINTESIS 3D UNILATERAL;MAMOGRAFIA;TORAX
MAM06;TAC TOMOSINTESIS 3D BILATERAL;MAMOGRAFIA;TORAX
MAM07;MAMOGRAFIA MAGNIFICADA DIGITAL UNILATERAL;MAMOGRAFIA;TORAX
MAM08;MAMOGRAFIA MAGNIFICADA DIGITAL BILATERAL;MAMOGRAFIA;TORAX
MAM09;MAMOGRAFIA DE PIEZA OPERATORIA;MAMOGRAFIA;TORAX
MAM10;LOCACION MARCACION PREQUIRÚRGICA MAMOGRÁFICA;MAMOGRAFIA;TORAX
MAM11;MARCACION PREQUIRURGICA MAMA;MAMOGRAFIA;TORAX
RAD01;RX ABDOMEN FRENTE DE PIE;RADIOLOGIA;ABDOMEN
RAD02;RX ABDOMEN PERFIL;RADIOLOGIA;ABDOMEN
RAD03;RX ABDOMEN DE CUBITO LATERAL;RADIOLOGIA;ABDOMEN
RAD04;RX ABDOMEN ACOSTADO;RADIOLOGIA;ABDOMEN
RAD05;CRANEO PERFIL;RADIOLOGIA;CABEZA Y CUELLO
RAD06;CRANEO FRENTE;RADIOLOGIA;CABEZA Y CUELLO
RAD07;CAVUM;RADIOLOGIA;CABEZA Y CUELLO
RAD08;MANDIBULA FRENTE;RADIOLOGIA;CABEZA Y CUELLO
RAD09;MANDIBULA PERFIL;RADIOLOGIA;CABEZA Y CUELLO
RAD10;ESTEMBER 1;RADIOLOGIA;CABEZA Y CUELLO
RAD11;ESTEMBER 2;RADIOLOGIA;CABEZA Y CUELLO
RAD12;ESTEMBER 3;RADIOLOGIA;CABEZA Y CUELLO
RAD13;TOWNE;RADIOLOGIA;CABEZA Y CUELLO
RAD14;CADWELL;RADIOLOGIA;CABEZA Y CUELLO
RAD15;HUESOS PROPIOS DE LA NARUZ;RADIOLOGIA;CABEZA Y CUELLO
RAD16;NASIUN;RADIOLOGIA;CABEZA Y CUELLO
RAD17;MENTANAPOPLACA;RADIOLOGIA;CABEZA Y CUELLO
RAD18;ARTICULACION TEMPORO MANDIBULAR;RADIOLOGIA;CABEZA Y CUELLO
RAD19;ORBITAS;RADIOLOGIA;CABEZA Y CUELLO
RAD20;MAXILO FACIAL;RADIOLOGIA;CABEZA Y CUELLO
RAD21;COLUMNA CERVICAL FRENTE;RADIOLOGIA;CABEZA Y CUELLO
RAD22;COLUMNA CERVICAL PERFIL;RADIOLOGIA;CABEZA Y CUELLO
RAD23;COLUMNA CERVICAL OBLICUAS X2;RADIOLOGIA;CABEZA Y CUELLO
RAD24;COLUMNA CERVICAL EXT4ENSION;RADIOLOGIA;CABEZA Y CUELLO
RAD25;COLUMNA CERVICAL LATERALIZADAS;RADIOLOGIA;CABEZA Y CUELLO
RAD26;CERVICAL TRANSORAL;RADIOLOGIA;CABEZA Y CUELLO
RAD27;CRANEO FRENTE Y PERFIL;RADIOLOGIA;CABEZA Y CUELLO
RAD28;MENTONASOPLACA FRENTE Y PERFIL DE CAVUM;RADIOLOGIA;CABEZA Y CUELLO
RAD29;FRONTONASOPLACA;RADIOLOGIA;CABEZA Y CUELLO
RAD30;MANDIBULA FRENTE PERFIL Y OBLICUOS;RADIOLOGIA;CABEZA Y CUELLO
RAD31;MANDIBULA FRENTE Y PERFIL;RADIOLOGIA;CABEZA Y CUELLO
RAD32;MANDIBULA OBLICUAS;RADIOLOGIA;CABEZA Y CUELLO
RAD33;MENTANASOPLACA Y FRONTONASOPLACA;RADIOLOGIA;CABEZA Y CUELLO
RAD34;ESPINOGRAMA COLUMNA;RADIOLOGIA;COLUMNA VERTEBRAL
RAD35;COLUMNA DORSAL;RADIOLOGIA;COLUMNA VERTEBRAL
RAD36;COLUMNA LUMBOSACRA PERFIL;RADIOLOGIA;COLUMNA VERTEBRAL
RAD37;COLUMNA SACRO COXIS PERFIL;RADIOLOGIA;COLUMNA VERTEBRAL
RAD38;COLUMNA LUMBOSACRA FRENTE Y PERFIL;RADIOLOGIA;COLUMNA VERTEBRAL
RAD39;COLUMNA COXIS LATERALIZADAS;RADIOLOGIA;COLUMNA VERTEBRAL
RAD40;COLUMNA DORSAL FRENTE Y PERFIL;RADIOLOGIA;COLUMNA VERTEBRAL
RAD41;COLUMNA LUMBAR PERFIL;RADIOLOGIA;COLUMNA VERTEBRAL
RAD42;COLUMNA SACRO LATERALIZADAS;RADIOLOGIA;COLUMNA VERTEBRAL
RAD43;ESPINOGRAMA DE MIEMBRO INFERIOR;RADIOLOGIA;MIEMBRO INFERIOR
RAD44;ESCANOGRAMA;RADIOLOGIA;MIEMBRO INFERIOR
RAD45;FEMUR MUSLO FRENTE;RADIOLOGIA;MIEMBRO INFERIOR
RAD46;FEMUR MUSLO PERFIL;RADIOLOGIA;MIEMBRO INFERIOR
RAD47;RODILLA FRENTE;RADIOLOGIA;MIEMBRO INFERIOR
RAD48;RODILLA PERFIL;RADIOLOGIA;MIEMBRO INFERIOR
RAD49;RODILLA FRENTE DE PIE;RADIOLOGIA;MIEMBRO INFERIOR
RAD50;RODILLA PEERFIL DE PIE;RADIOLOGIA;MIEMBRO INFERIOR
RAD51;RODILLA SHUSS;RADIOLOGIA;MIEMBRO INFERIOR
RAD52;AXIAL DE ROTULA 45;RADIOLOGIA;MIEMBRO INFERIOR
RAD53;AXUAL DE ROTULA 30;RADIOLOGIA;MIEMBRO INFERIOR
RAD54;AXIAL DE ROTULA 60;RADIOLOGIA;MIEMBRO INFERIOR
RAD55;AXIAL DE ROTULA 90;RADIOLOGIA;MIEMBRO INFERIOR
RAD56;Tobillo FRENTE;RADIOLOGIA;MIEMBRO INFERIOR
RAD57;TOBILLO PERFIL;RADIOLOGIA;MIEMBRO INFERIOR
RAD58;TOBILLO FRENTE CON CARGA;RADIOLOGIA;MIEMBRO INFERIOR
RAD59;TOBILLO FRENTE SIN CARGA;RADIOLOGIA;MIEMBRO INFERIOR
RAD60;TOBILLO FRENTE CON BOSTEZO;RADIOLOGIA;MIEMBRO INFERIOR
RAD61;LONG VIEW;RADIOLOGIA;MIEMBRO INFERIOR
RAD62;RETROPE PERFIL;RADIOLOGIA;MIEMBRO INFERIOR
RAD63;AMBOS TOBILLOS PERFIL;RADIOLOGIA;MIEMBRO INFERIOR
RAD64;AMBOS PIES FRENTE;RADIOLOGIA;MIEMBRO INFERIOR
RAD65;RODILLA PERFIL EN CONTRACCION Y RELAJACION;RADIOLOGIA;MIEMBRO INFERIOR
RAD66;PIERNA TIBIA PERONE FRENTE Y PERFIL;RADIOLOGIA;MIEMBRO INFERIOR
RAD67;HOMBRO FRENTE;RADIOLOGIA;MIEMBRO SUPERIOR
RAD68;HOMBRO FRENTE CON CARGA;RADIOLOGIA;MIEMBRO SUPERIOR
RAD69;HOMBRO PERFIL ESCAPILAR;RADIOLOGIA;MIEMBRO SUPERIOR
RAD70;HOMBRO ALEXADER;RADIOLOGIA;MIEMBRO SUPERIOR
RAD71;HOMOPLATO ESCAPULA;RADIOLOGIA;MIEMBRO SUPERIOR
RAD72;CLAVICULA FRENTE;RADIOLOGIA;MIEMBRO SUPERIOR
RAD73;ZANCA;RADIOLOGIA;MIEMBRO SUPERIOR
RAD74;AMBAS CLAVICULAS FRENTE;RADIOLOGIA;MIEMBRO SUPERIOR
RAD75;HUMERO TRANSTORAXICO;RADIOLOGIA;MIEMBRO SUPERIOR
RAD76;CODO FRENTE;RADIOLOGIA;MIEMBRO SUPERIOR
RAD77;CODO PERFIL;RADIOLOGIA;MIEMBRO SUPERIOR
RAD78;CODO OBLICUO;RADIOLOGIA;MIEMBRO SUPERIOR
RAD79;MUÑECA PERFIL;RADIOLOGIA;MIEMBRO SUPERIOR
RAD80;MUÑECA FRENTE;RADIOLOGIA;MIEMBRO SUPERIOR
RAD81;MUÑECA DESVIACION RADIAL;RADIOLOGIA;MIEMBRO SUPERIOR
RAD82;MUÑECA TUNEL CARPIANO;RADIOLOGIA;MIEMBRO SUPERIOR
RAD83;CADERA FRENTE;RADIOLOGIA;PELVIS
RAD84;PELVIS INLET;RADIOLOGIA;PELVIS
RAD85;COLUMNA SACRO COXIS FRENTE;RADIOLOGIA;PELVIS
RAD86;SACRO ILIACAS;RADIOLOGIA;PELVIS
RAD87;FERGUSON;RADIOLOGIA;PELVIS
RAD88;CADERA PERFIL;RADIOLOGIA;PELVIS
RAD89;PELVIS FRENTE;RADIOLOGIA;PELVIS
RAD90;ALAR;RADIOLOGIA;PELVIS
RAD91;OBTURATRIZ;RADIOLOGIA;PELVIS
RAD92;LOWENSTEIN;RADIOLOGIA;PELVIS
RAD93;DIRECTA RENO VESICAL;RADIOLOGIA;PELVIS
RAD94;URETROGRAFIA;RADIOLOGIA;PELVIS
RAD95;CADERA FRENTE Y PERFIL;RADIOLOGIA;PELVIS
RAD96;PARRILLA COSTAL OBLICUA;RADIOLOGIA;TORAX
RAD97;ESTERNON FRENTE;RADIOLOGIA;TORAX
RAD98;TORAX FRENTE;RADIOLOGIA;TORAX
RAD99;TORAX PERFIL;RADIOLOGIA;TORAX
RAD100;PARRILLA COSTAL FRENTE;RADIOLOGIA;TORAX
RAD101;ESTERNON PERFIL;RADIOLOGIA;TORAX
RAD102;OMOPLATO ESCAPULA PERFIL;RADIOLOGIA;TORAX
RAD103;OMOPLATO ESCAPULA FRENTE Y AXIAL;RADIOLOGIA;TORAX
RAD104;PARRILLA COSTAL FRENTE Y OBLICUAS;RADIOLOGIA;TORAX
RAD105;TORAX FRENTE Y PERFIL;RADIOLOGIA;TORAX
RES01;COLANGIOSONANCIA SIN CONTRASTE;RESONANCIA;ABDOMEN
RES02;COLANGIOSONANCIA CON CONTRASTE;RESONANCIA;ABDOMEN
RES03;RMN ABDOMEN;RESONANCIA;ABDOMEN
RES04;ABDOMEN CON CONTRASTE;RESONANCIA;ABDOMEN
RES05;FETAL;RESONANCIA;ABDOMEN
RES06;HEPATOBILIAR;RESONANCIA;ABDOMEN
RES07;DE SUPRARRENAL;RESONANCIA;ABDOMEN
RES08;ABDOMINAL;RESONANCIA;ABDOMEN
RES09;OBSTETRICA;RESONANCIA;ABDOMEN
RES10;PANCRAS;RESONANCIA;ABDOMEN
RES11;URORESONANCIA;RESONANCIA;ABDOMEN Y PELVIS
RES12;GINECOLOGICA;RESONANCIA;ABDOMEN Y PELVIS
RES13;PROSTATA;RESONANCIA;ABDOMEN Y PELVIS
RES14;ABDOMEN Y PELVIS;RESONANCIA;ABDOMEN Y PELVIS
RES15;ABDOMEN Y PELVIS CON CONTRASTE;RESONANCIA;ABDOMEN Y PELVIS
RES16;EMBRIONARIA;RESONANCIA;ABDOMEN Y PELVIS
RES17;PLACENTARIA;RESONANCIA;ABDOMEN Y PELVIS
RES18;DE CUELLO;RESONANCIA;CABEZA Y CUELLO
RES19;DE CUELO CC;RESONANCIA;CABEZA Y CUELLO
RES20;ARTICULACION TEMPOROMANDIBULAR;RESONANCIA;CABEZA Y CUELLO
RES21;CEREBRO;RESONANCIA;CABEZA Y CUELLO
RES22;CEREBRO CC;RESONANCIA;CABEZA Y CUELLO
RES23;CERECEBRO CC CON ESPECTROSCOPIA;RESONANCIA;CABEZA Y CUELLO
RES24;MACIZO FACIAL SENOS PARANASALES;RESONANCIA;CABEZA Y CUELLO
RES25;DE OIDOS;RESONANCIA;CABEZA Y CUELLO
RES26;OIDOS CC;RESONANCIA;CABEZA Y CUELLO
RES27;ORBITA IZQUIERDA;RESONANCIA;CABEZA Y CUELLO
RES28;OIDO DERECHO;RESONANCIA;CABEZA Y CUELLO
RES29;OIDO IZQUIERDO;RESONANCIA;CABEZA Y CUELLO
RES30;ORBITA DERECHA;RESONANCIA;CABEZA Y CUELLO
RES31;CEREBRAL CON DIFUSION;RESONANCIA;CABEZA Y CUELLO
RES32;CEREBRAL CON CONTRASTE;RESONANCIA;CABEZA Y CUELLO
RES33;CEREBRAL;RESONANCIA;CABEZA Y CUELLO
RES34;SNC;RESONANCIA;CABEZA Y CUELLO
RES35;CEREBRAL CON ESPECTROSCOPIA;RESONANCIA;CABEZA Y CUELLO
RES36;ANGIORESONANCIA CEREBRAL;RESONANCIA;CABEZA Y CUELLO
RES37;CEREBRAL Y OIDOS;RESONANCIA;CABEZA Y CUELLO
RES38;COLUMNA CERVICAL CON CONTRASTE;RESONANCIA;COLUMNA VERTEBRAL
RES39;COLUMNA DORSAL;RESONANCIA;COLUMNA VERTEBRAL
RES40;COLUMNA CC;RESONANCIA;COLUMNA VERTEBRAL
RES41;COLUMNA LUMBAR;RESONANCIA;COLUMNA VERTEBRAL
RES42;COLUMNA CERVICAL;RESONANCIA;COLUMNA VERTEBRAL
RES43;COLUMNA TOTAL;RESONANCIA;COLUMNA VERTEBRAL
RES44;AMBOS TOBILLOS;RESONANCIA;MIEMBRO INFERIOR
RES45;MUSLO IZQUIERDO;RESONANCIA;MIEMBRO INFERIOR
RES46;MUSLO DERECHO CC;RESONANCIA;MIEMBRO INFERIOR
RES47;MUSLO IZQUIERDO CC;RESONANCIA;MIEMBRO INFERIOR
RES48;MUSLO DERECHO;RESONANCIA;MIEMBRO INFERIOR
RES49;PIE DERECHO;RESONANCIA;MIEMBRO INFERIOR
RES50;PIE DERECHO CC;RESONANCIA;MIEMBRO INFERIOR
RES51;PIE IZQUIERDO;RESONANCIA;MIEMBRO INFERIOR
RES52;PIE IZQUIERDO CC;RESONANCIA;MIEMBRO INFERIOR
RES53;RODILLA DERECHA;RESONANCIA;MIEMBRO INFERIOR
RES54;RODILLA IZQUIERDA ;RESONANCIA;MIEMBRO INFERIOR
RES55;RODILLA DERECHA CC;RESONANCIA;MIEMBRO INFERIOR
RES56;RODILLA IZQUIERDA CC;RESONANCIA;MIEMBRO INFERIOR
RES57;PELVIS Y CADERAS;RESONANCIA;MIEMBRO INFERIOR
RES58;AMBAS RODILLAS;RESONANCIA;MIEMBRO INFERIOR
RES59;CODO DERECHO;RESONANCIA;MIEMBRO SUPERIOR
RES60;CODO IZQUIERDO ;RESONANCIA;MIEMBRO SUPERIOR
RES61;HOMBRO DERECHO;RESONANCIA;MIEMBRO SUPERIOR
RES62;HOMBRO DERECHO CC;RESONANCIA;MIEMBRO SUPERIOR
RES63;HOMBRO IZQUIERDO;RESONANCIA;MIEMBRO SUPERIOR
RES64;HOMBRO IZQUIERDO CC;RESONANCIA;MIEMBRO SUPERIOR
RES65;MANO DERECHA;RESONANCIA;MIEMBRO SUPERIOR
RES66;MANO DERECHA CC;RESONANCIA;MIEMBRO SUPERIOR
RES67;MANO IZQUIERDA;RESONANCIA;MIEMBRO SUPERIOR
RES68;MANO IZQUIERDA CC;RESONANCIA;MIEMBRO SUPERIOR
RES69;MIÑECA DERECHA;RESONANCIA;MIEMBRO SUPERIOR
RES70;MUÑECA DERECHA CC;RESONANCIA;MIEMBRO SUPERIOR
RES71;MUÑECA IZQUIERDA;RESONANCIA;MIEMBRO SUPERIOR
RES72;MUÑECA IZQUIERDA CC;RESONANCIA;MIEMBRO SUPERIOR
RES73;BRAZO IZQUIERDO;RESONANCIA;MIEMBRO SUPERIOR
RES74;BRAZO DERECHO;RESONANCIA;MIEMBRO SUPERIOR
RES75;AMBOS HOMBROS;RESONANCIA;MIEMBRO SUPERIOR
RES76;RESONANCIA DE MUÑECA;RESONANCIA;MIEMBRO SUPERIOR
RES77;RESONANCIA DE CODO;RESONANCIA;MIEMBRO SUPERIOR
RES78;AMBAS MUÑECAS;RESONANCIA;MIEMBRO SUPERIOR
RES79;DE ANTEBRAZO;RESONANCIA;MIEMBRO SUPERIOR
RES80;CADERA;RESONANCIA;PELVIS
RES81;COLUMNA LUMBAR SACRA;RESONANCIA;PELVIS
RES82;COLUMNA LUMBAR SACRA CC;RESONANCIA;PELVIS
RES83;PELVIS;RESONANCIA;PELVIS
RES84;PELVIS CC;RESONANCIA;PELVIS
RES85;GINECOLOGICA;RESONANCIA;PELVIS
RES86;PELVIS Y CADERAS;RESONANCIA;PELVIS
RES87;FISTULA O DEFECACION;RESONANCIA;PELVIS
RES88;CUELLO TORAX PELVIS CON CONTRASTE;RESONANCIA;PELVIS
RES89;DE PISO PELVIANO;RESONANCIA;PELVIS
RES90;RESONANCIA DE CADERA;RESONANCIA;PELVIS
RES91;VEJIGA;RESONANCIA;PELVIS
RES92;CARDIACA;RESONANCIA;TORAX
RES93;CARDIACA CC;RESONANCIA;TORAX
RES94;TORAX;RESONANCIA;TORAX
RES95;MAMARIA;RESONANCIA;TORAX
RES96;TORAX CC;RESONANCIA;TORAX
RES97;AMBAS MAMAS;RESONANCIA;TORAX
RES98;CUELLO TORAX PELVIS CON CONTRASTE;RESONANCIA;TORAX
TOM01;AORTA ABDOMINAL;TOMOGRAFIA;ABDOMEN
TOM02;ABDOMEN CON PUNCION;TOMOGRAFIA;ABDOMEN
TOM03;RENAL;TOMOGRAFIA;ABDOMEN
TOM04;SUPRARENAL;TOMOGRAFIA;ABDOMEN
TOM05;DE ABDOMEN;TOMOGRAFIA;ABDOMEN
TOM06;ABDOMEN CC;TOMOGRAFIA;ABDOMEN
TOM07;HEPATOBILIAR;TOMOGRAFIA;ABDOMEN
TOM08;MULTISLICE AORTA ABDOMINAL;TOMOGRAFIA;ABDOMEN
TOM09;MULTISLICE SUPRARRENAL;TOMOGRAFIA;ABDOMEN
TOM10;HEPATOBILIAR CC;TOMOGRAFIA;ABDOMEN
TOM11;MULTISLICE SPLENICA CON PUNCION;TOMOGRAFIA;ABDOMEN
TOM12;ABDOMEN Y PELVIS;TOMOGRAFIA;ABDOMEN Y PELVIS
TOM13;ABDOMEN Y PELVIS CC;TOMOGRAFIA;ABDOMEN Y PELVIS
TOM14;VEGIJA Y PROSTATA CC;TOMOGRAFIA;ABDOMEN Y PELVIS
TOM15;VEGIJA Y PROSTATA;TOMOGRAFIA;ABDOMEN Y PELVIS
TOM16;UROLOGICA;TOMOGRAFIA;ABDOMEN Y PELVIS
TOM17;UROLOGICA CC;TOMOGRAFIA;ABDOMEN Y PELVIS
TOM18;3D UROLOGICA;TOMOGRAFIA;ABDOMEN Y PELVIS
TOM19;MULTISLICE GINECOLOGICA;TOMOGRAFIA;ABDOMEN Y PELVIS
